<?xml version="1.0" encoding="UTF-8"?>
<configurationDescriptor version="100">
  <logicalFolder name="root" displayName="root" projectFiles="true" kind="ROOT">
    <df root="src" name="0">
      <df name="tic-tac-toe">
        <in>main.cpp</in>
        <in>playMove.cpp</in>
      </df>
    </df>
    <logicalFolder name="ExternalFiles"
                   displayName="Important Files"
                   projectFiles="false"
                   kind="IMPORTANT_FILES_FOLDER">
      <itemPath>nbproject/private/launcher.properties</itemPath>
    </logicalFolder>
  </logicalFolder>
  <sourceFolderFilter>^(nbproject)$</sourceFolderFilter>
  <sourceRootList>
    <Elem>src</Elem>
  </sourceRootList>
  <projectmakefile></projectmakefile>
  <confs>
    <conf name="Debug_Run" type="0">
      <toolsSet>
        <compilerSet>default</compilerSet>
        <dependencyChecking>false</dependencyChecking>
        <rebuildPropChanged>false</rebuildPropChanged>
      </toolsSet>
      <flagsDictionary>
        <element flagsID="0" commonFlags="-std=c++14 -pedantic"/>
      </flagsDictionary>
      <codeAssistance>
      </codeAssistance>
      <makefileType>
        <makeTool>
          <buildCommandWorkingDir>.</buildCommandWorkingDir>
          <buildCommand>make -C src</buildCommand>
          <cleanCommand>make clean -C src</cleanCommand>
          <executablePath>build/EXE/tic-tac-toe</executablePath>
          <ccTool>
            <incDir>
              <pElem>src</pElem>
              <pElem>../../../SFML-2.4.2/include</pElem>
            </incDir>
          </ccTool>
        </makeTool>
        <preBuild>
          <preBuildCommandWorkingDir>.</preBuildCommandWorkingDir>
          <preBuildCommand></preBuildCommand>
        </preBuild>
      </makefileType>
      <item path="src/tic-tac-toe/main.cpp" ex="false" tool="1" flavor2="11">
        <ccTool flags="0">
        </ccTool>
      </item>
      <item path="src/tic-tac-toe/playMove.cpp" ex="false" tool="1" flavor2="11">
        <ccTool flags="0">
        </ccTool>
      </item>
    </conf>
    <conf name="Debug_Test" type="0">
      <toolsSet>
        <compilerSet>default</compilerSet>
        <dependencyChecking>false</dependencyChecking>
        <rebuildPropChanged>false</rebuildPropChanged>
      </toolsSet>
      <codeAssistance>
      </codeAssistance>
      <makefileType>
        <makeTool>
          <buildCommandWorkingDir>.</buildCommandWorkingDir>
          <buildCommand>make -C src</buildCommand>
          <cleanCommand>make clean -C src</cleanCommand>
          <executablePath>build/EXE/test_tic-tac-toe</executablePath>
          <ccTool>
            <incDir>
              <pElem>src</pElem>
              <pElem>../../ECE244-2018-redesign/assignments/src</pElem>
              <pElem>../../ECE244-2018-redesign/SFML-2.4.2/include</pElem>
            </incDir>
          </ccTool>
        </makeTool>
        <preBuild>
          <preBuildCommandWorkingDir>.</preBuildCommandWorkingDir>
          <preBuildCommand></preBuildCommand>
        </preBuild>
      </makefileType>
    </conf>
    <conf name="Release" type="0">
      <toolsSet>
        <compilerSet>default</compilerSet>
        <dependencyChecking>false</dependencyChecking>
        <rebuildPropChanged>false</rebuildPropChanged>
      </toolsSet>
      <codeAssistance>
      </codeAssistance>
      <makefileType>
        <makeTool>
          <buildCommandWorkingDir>.</buildCommandWorkingDir>
          <buildCommand>${MAKE} BUILD_MODE=release</buildCommand>
          <cleanCommand>${MAKE} clean</cleanCommand>
          <executablePath></executablePath>
        </makeTool>
        <preBuild>
          <preBuildCommandWorkingDir>.</preBuildCommandWorkingDir>
          <preBuildCommand></preBuildCommand>
        </preBuild>
      </makefileType>
    </conf>
  </confs>
</configurationDescriptor>
